width,seq,names
122,MAPMKK-----AMKAMKA--MKGGKSITKGGLADAISGETELKKSDCSKVLTALAEVVAKEVKKTGKVIIPGIARIVTRTKPATKA--GKREMFGKVVVVKARPARTVVKAFPVAAIKQAV-,Perid_Ppiscicida_Di_AAL61531.1
122,MAPMKAA---------------AKKAMTKGAIADALATQFELKKTVCGKLINSLAEIATKEVKSSGVFTIPGVCKIKTRTKPATKA--GKREIFGKTVVVKAKPARKVVKAFPVAALKKSI-,Gonyau_Lpolyedra_Di_AAO49325.1 histone-like protein [Lingulodinium polyedra]
122,MAPMKAM------KSMKT----GAKAMSKGALSAALAAEHEMKPKQVSEIIDSLVKVGTAEVKKSGIFTIPGLCRIKTRVKPATKA--GKKMIFGKEVKVKAKAARTVVKAFAVAALKSQF-,Gymno_Kveneficum_Di_ABV22219.1
122,MAPKAKAKAM------------KSTAMTKGALADAVATACEMKKKDVIKALASIAEIATAEVKKSGVFTLPGLFRIKSRKKPATKA--GKKEIFGKMCVVKAKPARTIVKAFPVAVLKKEF-,Gonyau_Afundyense_Di_ABO47877.1
122,MAPMM-----------------KSTVMTKSALTAALAEACEVKRGVIGTALSTLASIASTEAKKNGKFVIPGVVMIKTRQKKATKA--GKREIFGKVVMVKAKPAKTIVKAFPAKALKDEF-,Proro_Pminimum_Di_ABI14409.1
122,MAPKAM----------------KGAVMGKAALADALATGCELKRRMSPRSWRVWPRSALGELKKSAVFTLPGICRIKTRRKPATKA--GKREVFGKVVMVKAKPAKTVVKAFPVAALKKQF-,Pyro_Plunula_Di_AAO14678.1
122,MAPKMKA----AMKAMKAPAM-KGKAMTKTGLAEAWRRRPSFLRRTAGQSWRAWPRSCAAEVKKTGKLTIPGLVMVKTRKKPATKA--GKREMFGKVVLVKA-SCQDVVKAYPVKALKTDF-,Gonyau_Ccohnii_Di_Q01239.1
122,MAPMKAMKAA-AMKAMKA--MKAGAVMTKGGLAEALASETGLKKSECTKILESIASVGAKEVKSTGKFVLPGLCMIKTRQKPATKA--GKRNMFGKDVVVKAKPASTVVKAFCVSALKKSI-,Suess_Pglaciales_Di_CAE8619202.1
122,MAPMKAMKATGAAKSMKVMKMKAVRAMPKSGIAAQVAESTGLKKGDVTQVLTSLADIGATEVKKTGKFVLPGLVMIKTRTKPATKA--GKKMMFGKEVTVKAQPAKTVVKAMPVKAVKDQF-,A_Snatans_CAE7287946.1
122,MAPMKAMKAAGASKSMKVMKMKAVRALPKSGIAAQVAENTGLKKSAVTQVLSSLADIGATEVKKAGKFVLPGLVMIKTRQKPATKA--GKRQMFGKEVLVKAQPAKTVVKAYPVKAVKAQF-,A_Spilosum_CAE7333586.1_HCc2
122,MAPAMKS-AM-KSKAMKT----SAKAMTKAQLADQLATKSELKKKDVLSVLQNLSEIGASEVTNTGKFVLPGLCMIKTRQKAATKG--GTRMMFGKEVQVKAQKAKTIVKAMPLAALKNQI-,A_Slinuchae_CCMP2456.gene3273.mRNA1
122,MAPAMKS-AM-KSKAMKT----NAKAMTKAQLADQLATKSELKKKDVLSVLQNLSEIGANEVTNTGKFVLPGLCMIKTRQKPATKG--GTRMMFGKEVQVKAQKAKTVVKATPLAALKNQI-,A_Smicroadriaticum_KB8
122,MAPAMKS-AM-KSKAMKT----NAKAMTKSQLADQLATKSELKKKEVLSVLQNLSEIGASEVTNTGKFVLPGLCMIKTRQKPATKG--GTRMMFGKEVQVKAQKAKTVVKATPAAALKSQF-,A_Snecroappetens_CCMP2469.gene1638.mRNA1
122,MAPAMKS-AM-KSKAMKT----ANKAMTKSQLADQLATKSELKKKEVMSVLQNLSEIGASEVTNTGKFVLPGLCMIKTRQKPATKG--GVRMMFGKEVQVKAQKAKTVVKATPAAALKSQF-,A_Striacnidorum_ccmp2592_CAE7337901.1
122,MAPAKAMKAVMKAKKVS-----TAKVMTKGGLTGELANSTELKKADISTILNTLAEIGTKEVKKSGKFVLPGLVMIKTRNKPAKKA--GKKVMFGKEVMVKAQPAKTVVKAFPVSSLKKAI-,B_aenigmaticum_t
122,MAGAMKAMKAAKAKAMKAKKVSTAKVMTKGGLTGELANSTELKKADISTILNTLAEIGTKEVKKSGKFVLPGLVMIKTRDKPAKKA--GKKVMFGKEIMVKAQPAKTVVKAFPVSSLKNAI-,B_pseudominutum_t
122,SAMKTK----------------GQKAMTKGSLLAALADATELKKGDVGKILNSLTEIGTEEVKKSGKFILPGLCMIKTRQKPATKA--GKKLMFGKEVMVKAQPAKTVVKASPVAALKSQI-,C_Cgoreaui_SymbC1.scaffold7970.1
122,MAPMKSAMKA-KKVASTMKAMKGQKVMTKGALLGELANLTEMKKADISKVLNTLTEIGTQEVKKSGKFVLPGLCMIKTRTKAAVKG-GGTRMMFGKEVKIRPQPAKTVVKAFPVSQLKNQI-,B_psygmophilum_t
122,MAPAMKAKKV-ATKAMK-----GQKVMTKGALLGELANATEMKKADISKVLNSLTEIGTEEVKKSGKFVLPGLCMIKTRTKAAVKG-GGTRMMFGKEVKIKPQPAKTVVKAFPVSQLKSQI-,B_minutum
122,MAPAKAMKAT-KAKKVAMKAMKGQKAMSKGGLATELANATEMKKSQITSILNSLAEIGAGEVKKTGKFTLPGLCMIKTRQKKATKA--GKKMMFGQEVMVKAQPAKTVVKAFPVAALKSQI-,D_Trenchii_E1
122,MAPAMKV-AM-KAKKVAMKAMKGQKAMTKGGLLAELANNTEMKKSDISKVLNSLAEIGTEEVKKSGKFVLPGLCMIKTRQKKATKA--GTRLMFGKEVAVKAQPAKTVVKAFPAAVLKREI-,F_kawagutii_Skav231535
122,----------------------MPAYMTKSQLVTKIAELQELAKKDVKAMMETLTEVGHKELKKTGIFVVPGFAKFVVVKKPATKARKGKNPFTGEEMMFKAKPARKIVRARPVKAVKEAV-,HU_Rhodoplanes_WP_068021311_1
122,----------------------MATQMSKSQLIEKIATTTELSKRDVKNVMDTLTDVGHKELKKNGLFLVPGFAKFVVVKKPATKARKGTNPFTGEEMMFKAKPARKIVRARPVKAAKDAV-,HU_Berythrophlei_WP_079572537_1
122,----------------------MATQMSKSQLIEKIATATELSKRDVKNVMETLTDVGHKELKKNGLFLVPGFAKFVVVKKPATKARKGTNPFTGEEMMFKAKPARKIVRARPVKAAKDAVG,HU_Bjaponicum_WP_212284347_1
122,--------------------------MSKSALIEKIATATELSKRDVKSVMETLTDVGHKELKKNGLFLVPGFAKFVVVKKPATKARKGTNPFTGEEMMFKAKPARKIVRARPVKATRDSA-,HU_Bcanariense_WP_085361385_1
122,----------------------MADQMTKSQLIEKIAETTELTKKDVKGVLENLATLGYKELKKNGVFLVPGFAKFVVIKKPATKARKGTNPFTGEAMTFKAKPARKIVRARPVKAAKDAV-,HU_Rhodopseudomonas_WP_211909997_1
122,----------------------MATQMTKSQLVEKISTQVGLSKKDVKGVLEALATTGYKELKKTGAFLLPGFAKFVVIKKPATKARKGTNPFTGEPMTFKAKPARKIVRARPVKAAKDAV-,HU_Nitrobacter_WP_141381956_1
122,----------------------MATQMTKSQLIEKIAEANELSKRDVKGVLEALATIGYKELKKNGLFLVPGFAKFVVIKKPATKARKGTNPFTGEPMTFKAKPARKIVRARPVKAAKDAV-,HU_Afipia_WP_002717445_1
122,----------------------MATQMTKSQLIEQIATKSELAKKDVKGVIETLAEIGYKELKKNGVFLVPGFAKFVVIKKPATKARQGTNPFTGEAMTFKAKPARKIVRARPVKAAKDAV-,HU_Bdw411_WP_213742230_1
122,----------------------MTTQMTKSQLIEQIATKNEVAKKDVKGVIETLAEIGYKELKKNGVFLVPGFAKFVVIKKPATKARQGTNPFTGEAMTFKAKPARKIVRARPVKAAKDAV-,HU_Bdiazoefficiens_WP_211379288_1
